Row Labels,2020,2024,sum,Ratio
5003 - Degenerative arthritis,39571,60424,99995,1.53
7399 - Digestive condition - general,26469,42977,69446,1.62
5024 - Tendon inflammation,13715,41186,54901,3
7599 - Urinary condition - general,40445,4865,45310,0.12,,,,,,,,,,,,,,,,,,,,
5010 - Traumatic arthritis,22700,22161,44861,0.98,,,,,,,,,,,,,,,,,,,,
5242 - Degenerative Arthritis of the Spine,10365,18773,29138,1.81,,,,,,,,,,,,,,,,,,,,
6099 - Eye condition - general,8120,16008,24128,1.97,,,,,,,,,,,,,,,,,,,,
5299 - Condition of The Skeletal System,12331,6386,18717,0.52,,,,,,,,,,,,,,,,,,,,
8045 - Brain disease due to trauma,5520,12285,17805,2.23,,,,,,,,,,,,,,,,,,,,
5019 - Bursitis,5805,8996,14801,1.55,,,,,,,,,,,,,,,,,,,,
8004 - Parkinson's disease,4326,8480,12806,1.96,,,,,,,,,,,,,,,,,,,,
9499 - Psychoneurotic disorder - general,5023,6901,11924,1.37,,,,,,,,,,,,,,,,,,,,
7899 - Skin condition - general,5028,5558,10586,1.11,,,,,,,,,,,,,,,,,,,,
5269 - plantar fasciitis,0,9518,9518,19036,,,,,,,,,,,,,,,,,,,,
8199 - Condition of the nervous system - general,4616,4789,9405,1.04,,,,,,,,,,,,,,,,,,,,
7346 - Hiatal hernia,2343,6214,8557,2.65,,,,,,,,,,,,,,,,,,,,
8873 - Undiagnosed condition - lower digestive system,1880,4920,6800,2.62,,,,,,,,,,,,,,,,,,,,
7319 - Irritable bowel syndrome,1566,4647,6213,2.97,,,,,,,,,,,,,,,,,,,,
6602 - Bronchial asthma,1450,4660,6110,3.21,,,,,,,,,,,,,,,,,,,,
5262 - Impairment of lower leg - tibia and fibula,1458,2747,4205,1.88,,,,,,,,,,,,,,,,,,,,
5271 - Limitation of motion of the ankle,429,3714,4143,8.66,,,,,,,,,,,,,,,,,,,,
6699 - Bronchial condition - general,641,3491,4132,5.45,,,,,,,,,,,,,,,,,,,,
5017 - Gout,869,2949,3818,3.39,,,,,,,,,,,,,,,,,,,,
9434 - Major depressive disorder,1300,2432,3732,1.87,,,,,,,,,,,,,,,,,,,,
7099 - Heart condition - general,1304,2414,3718,1.85,,,,,,,,,,,,,,,,,,,,
6599 - Nasal condition - general,1545,2062,3607,1.33,,,,,,,,,,,,,,,,,,,,
5237 - Lumbosacral or Cervical Strain,1046,2268,3314,2.17,,,,,,,,,,,,,,,,,,,,
7818 - Malignant growths of the skin,293,3012,3305,10.28,,,,,,,,,,,,,,,,,,,,
7120 - Varicose veins,41,3097,3138,75.54,,,,,,,,,,,,,,,,,,,,
5230 - Limitation of motion of ring or little finger,2494,621,3115,0.25,,,,,,,,,,,,,,,,,,,,
7833 - Malignant Melanoma,229,2875,3104,12.55,,,,,,,,,,,,,,,,,,,,
5002 - Rheumatoid arthritis,1040,1881,2921,1.81,,,,,,,,,,,,,,,,,,,,
6299 - Ear condition - general,1163,1737,2900,1.49,,,,,,,,,,,,,,,,,,,,
7813 - Dermatophytosis,1181,1623,2804,1.37,,,,,,,,,,,,,,,,,,,,
7819 - Benign growths of the skin,844,1948,2792,2.31,,,,,,,,,,,,,,,,,,,,
8599 - Paralysis of a nerve - general,1325,1407,2732,1.06,,,,,,,,,,,,,,,,,,,,
6600 - Chronic bronchitis,422,2126,2548,5.04,,,,,,,,,,,,,,,,,,,,
"5009 - Arthritis, other types",1506,1002,2508,0.67,,,,,,,,,,,,,,,,,,,,
"5260 - Limitation of flexion, knee",1395,858,2253,0.62,,,,,,,,,,,,,,,,,,,,
7699 - Gynecological condition - general,990,1241,2231,1.25,,,,,,,,,,,,,,,,,,,,
"6037 - Pinguecula, Spot On White of Eye",798,1405,2203,1.76,,,,,,,,,,,,,,,,,,,,
8008 - Thrombosis of the brain,661,1507,2168,2.28,,,,,,,,,,,,,,,,,,,,
7806 - Eczema,650,1445,2095,2.22,,,,,,,,,,,,,,,,,,,,
6502 - Deviated septum,593,1457,2050,2.46,,,,,,,,,,,,,,,,,,,,
7799 - Blood condition - general,761,1242,2003,1.63,,,,,,,,,,,,,,,,,,,,
8881 - Undiagnosed condition - misc neurological,401,1599,2000,3.99,,,,,,,,,,,,,,,,,,,,
"6027 - Cataract, traumatic",727,1137,1864,1.56,,,,,,,,,,,,,,,,,,,,
9400 - Generalized anxiety disorder,368,1481,1849,4.02,,,,,,,,,,,,,,,,,,,,
6025 - Excessive tearing,534,1271,1805,2.38,,,,,,,,,,,,,,,,,,,,
6899 - Respiratory condition - general,650,1077,1727,1.66,,,,,,,,,,,,,,,,,,,,
5243 - Intervertebral Disc Syndrome,790,880,1670,1.11,,,,,,,,,,,,,,,,,,,,
7828 - Acne,570,1089,1659,1.91,,,,,,,,,,,,,,,,,,,,
8850 - Undiagnosed condition - musculoskeletal system,658,974,1632,1.48,,,,,,,,,,,,,,,,,,,,
6604 - Chroic obstructive pulmonary disease,221,1408,1629,6.37,,,,,,,,,,,,,,,,,,,,
9411 - Post traumatic stress disorder,601,1015,1616,1.69,,,,,,,,,,,,,,,,,,,,
7327 - Diverticulitis,576,1028,1604,1.78,,,,,,,,,,,,,,,,,,,,
8863 - Undiagnosed condition - systemic diseases,401,1193,1594,2.98,,,,,,,,,,,,,,,,,,,,
7621 - Prolapse of uterus,528,1063,1591,2.01,,,,,,,,,,,,,,,,,,,,
7508 - Nephrolithiasis (kidney stones),175,1356,1531,7.75,,,,,,,,,,,,,,,,,,,,
5228 - Limitation of motion of thumb,981,504,1485,0.51,,,,,,,,,,,,,,,,,,,,
8866 - Undiagnosed condition - trachea and bronchi,393,1067,1460,2.72,,,,,,,,,,,,,,,,,,,,
6819 - Malignant growth of the lung,386,1036,1422,2.68,,,,,,,,,,,,,,,,,,,,
6040 - Diabetic retinopathy,512,894,1406,1.75,,,,,,,,,,,,,,,,,,,,
9999 - Jaw condition - general,563,831,1394,1.48,,,,,,,,,,,,,,,,,,,,
5201 - Limitation of motion of the arm,536,832,1368,1.55,,,,,,,,,,,,,,,,,,,,
5284 - Residuals of foot injury,519,836,1355,1.61,,,,,,,,,,,,,,,,,,,,
6820 - Benign growth of the lung,377,921,1298,2.44,,,,,,,,,,,,,,,,,,,,
5229 - Limitation of motion of index or long finger,783,513,1296,0.66,,,,,,,,,,,,,,,,,,,,
"5259 - Removal of cartilage, semilunar - knee",1107,144,1251,0.13,,,,,,,,,,,,,,,,,,,,
5399 - Muscle condition - general,893,346,1239,0.39,,,,,,,,,,,,,,,,,,,,
7199 - Circulatory condition - general,611,625,1236,1.02,,,,,,,,,,,,,,,,,,,,
7005 - Arteriosclerotic heart disease,522,685,1207,1.31,,,,,,,,,,,,,,,,,,,,
"9413 - Anxiety disorder, unspecified",383,792,1175,2.07,,,,,,,,,,,,,,,,,,,,
6006 - Retinopathy or maculopathy,533,607,1140,1.14,,,,,,,,,,,,,,,,,,,,
9435 - Mood disorder,259,805,1064,3.11,,,,,,,,,,,,,,,,,,,,
"5281 - Hallux rigidus (foot), unilateral, severe",315,744,1059,2.36,,,,,,,,,,,,,,,,,,,,
6847 - Sleep Apnea Syndromes,259,793,1052,3.06,,,,,,,,,,,,,,,,,,,,
6399 - Systemic condition - general,386,607,993,1.57,,,,,,,,,,,,,,,,,,,,
8018 - Multiple sclerosis,452,536,988,1.19,,,,,,,,,,,,,,,,,,,,
7343 - Malignant growths of digestive system,123,854,977,6.94,,,,,,,,,,,,,,,,,,,,
"5257 - Impairment of the knee, general",344,620,964,1.8,,,,,,,,,,,,,,,,,,,,
8099 - Brain or spinal cord condition - general,364,593,957,1.63,,,,,,,,,,,,,,,,,,,,
8009 - Brain hemorrhage,293,658,951,2.25,,,,,,,,,,,,,,,,,,,,
5206 - Limited flexion of the forearm,415,535,950,1.29,,,,,,,,,,,,,,,,,,,,
5279 - Metatarsalgia (foot pain) (Morton's disease),324,619,943,1.91,,,,,,,,,,,,,,,,,,,,
5252 - Limitation of flexion of the thigh,450,486,936,1.08,,,,,,,,,,,,,,,,,,,,
7522 - Penile deformity (loss of erectile power),164,771,935,4.7,,,,,,,,,,,,,,,,,,,,
7903 - Hypothyroidism,220,711,931,3.23,,,,,,,,,,,,,,,,,,,,
"5203 - Clavicle or scapula, impairment of",412,510,922,1.24,,,,,,,,,,,,,,,,,,,,
8878 - Undiagnosed condition - skin,232,687,919,2.96,,,,,,,,,,,,,,,,,,,,
8108 - Narcolepsy,571,309,880,0.54,,,,,,,,,,,,,,,,,,,,
7006 - Myocardial infarction (heart attack),282,564,846,2,,,,,,,,,,,,,,,,,,,,
5238 - Spinal Stenosis,161,683,844,4.24,,,,,,,,,,,,,,,,,,,,
7299 - Upper digestive condition - general,407,435,842,1.07,,,,,,,,,,,,,,,,,,,,
7820 - Infections of the Skin,463,378,841,0.82,,,,,,,,,,,,,,,,,,,,
"6013 - Glaucoma, simple",283,532,815,1.88,,,,,,,,,,,,,,,,,,,,
6846 - Sarcoidosis,119,689,808,5.79,,,,,,,,,,,,,,,,,,,,
8865 - Undiagnosed condition - nose and throat,260,542,802,2.08,,,,,,,,,,,,,,,,,,,,
7915 - Benign growth of the endocrine system,214,587,801,2.74,,,,,,,,,,,,,,,,,,,,
8017 - Amyotrophic lateral sclerosis,510,282,792,0.55,,,,,,,,,,,,,,,,,,,,
7528 - Malignant growths of genitourinary system,146,637,783,4.36,,,,,,,,,,,,,,,,,,,,
7307 - Hypertrophic gastritis,230,537,767,2.33,,,,,,,,,,,,,,,,,,,,
"5280 - Hallux valgus, unilateral (foot condition)",264,490,754,1.86,,,,,,,,,,,,,,,,,,,,
5055 - Knee replacement,27,725,752,26.85,,,,,,,,,,,,,,,,,,,,
8515 - Paralysis of the median nerve,179,567,746,3.17,,,,,,,,,,,,,,,,,,,,
6522 - Allergic rhinitis,203,542,745,2.67,,,,,,,,,,,,,,,,,,,,
6519 - Aphonia (inability to speak),289,419,708,1.45,,,,,,,,,,,,,,,,,,,,
5215 - Limited motion of wrist,333,371,704,1.11,,,,,,,,,,,,,,,,,,,,
7017 - Coronary bypass surgery,246,418,664,1.7,,,,,,,,,,,,,,,,,,,,
7999 - Endocrine condition - general,259,402,661,1.55,,,,,,,,,,,,,,,,,,,,
6090 - Diplopia (double vision),264,397,661,1.5,,,,,,,,,,,,,,,,,,,,
7628 - Benign growths of gynecological system or breast,207,448,655,2.16,,,,,,,,,,,,,,,,,,,,
7018 - Implantable cardiac pacemakers,183,466,649,2.55,,,,,,,,,,,,,,,,,,,,
"7335 - Ano, fistula",299,338,637,1.13,,,,,,,,,,,,,,,,,,,,
8007 - Embolism of the brain,110,512,622,4.65,,,,,,,,,,,,,,,,,,,,
6205 - Meniere's syndrome,305,311,616,1.02,,,,,,,,,,,,,,,,,,,,
"5276 - Flatfoot, acquired",201,402,603,2,,,,,,,,,,,,,,,,,,,,
9440 - Chronic adjustment disorder,168,430,598,2.56,,,,,,,,,,,,,,,,,,,,
5239 - Spondylolisthesis or Segmental Instability,156,441,597,2.83,,,,,,,,,,,,,,,,,,,,
7318 - Removal of the gall bladder,225,372,597,1.65,,,,,,,,,,,,,,,,,,,,
"8852 - Undiagnosed condition - joints, skull and ribs",241,350,591,1.45,,,,,,,,,,,,,,,,,,,,
6512 - Frontal sinusitis,70,501,571,7.16,,,,,,,,,,,,,,,,,,,,
6026 - Inflammation of optic nerve,256,311,567,1.21,,,,,,,,,,,,,,,,,,,,
5020 - Synovitis,547,10,557,0.02,,,,,,,,,,,,,,,,,,,,
5099 - Bone condition-general,296,259,555,0.88,,,,,,,,,,,,,,,,,,,,
5213 - Impaired supination and pronation of forearm,197,334,531,1.7,,,,,,,,,,,,,,,,,,,,
7101 - Hypertensive vascular disease,272,259,531,0.95,,,,,,,,,,,,,,,,,,,,
"6018 - Conjunctivitis, chronic",198,325,523,1.64,,,,,,,,,,,,,,,,,,,,
6204 - Labyrinthitis,153,368,521,2.41,,,,,,,,,,,,,,,,,,,,
7010 - Supraventricular arrhythmias,91,424,515,4.66,,,,,,,,,,,,,,,,,,,,
8299 - Nerve paralysis - general,266,247,513,0.93,,,,,,,,,,,,,,,,,,,,
9599 - Eating disorder - general,129,370,499,2.87,,,,,,,,,,,,,,,,,,,,
6603 - Pulmonary emphysema,36,458,494,12.72,,,,,,,,,,,,,,,,,,,,
"7800 - Scars, head, face or neck",189,301,490,1.59,,,,,,,,,,,,,,,,,,,,
8516 - Paralysis of the ulnar nerve,90,397,487,4.41,,,,,,,,,,,,,,,,,,,,
5021 - Muscle inflammation,276,210,486,0.76,,,,,,,,,,,,,,,,,,,,
5013 - Osteoporosis with joint manifestations,141,339,480,2.4,,,,,,,,,,,,,,,,,,,,
9433 - Dysthymic disorder,128,328,456,2.56,,,,,,,,,,,,,,,,,,,,
"7802 - Scars, burns (2nd degree)",187,261,448,1.4,,,,,,,,,,,,,,,,,,,,
5015 - Benign growth of the bones,226,221,447,0.98,,,,,,,,,,,,,,,,,,,,
9410 - Unspecified neurosis,104,342,446,3.29,,,,,,,,,,,,,,,,,,,,
7000 - Valvular heart disease,72,373,445,5.18,,,,,,,,,,,,,,,,,,,,
6035 - Keratoconus (protrusion of cornea),174,270,444,1.55,,,,,,,,,,,,,,,,,,,,
6009 - Unhealed eye injury,208,236,444,1.13,,,,,,,,,,,,,,,,,,,,
6201 - Otitis media,171,271,442,1.58,,,,,,,,,,,,,,,,,,,,
"6011 - Retina, localized scars",174,260,434,1.49,,,,,,,,,,,,,,,,,,,,
9399 - Cognitive disorders - general,141,278,419,1.97,,,,,,,,,,,,,,,,,,,,
7913 - Diabetes mellitus,189,230,419,1.22,,,,,,,,,,,,,,,,,,,,
8999 - Seizure disorder - general,197,222,419,1.13,,,,,,,,,,,,,,,,,,,,
8100 - Migraine,157,254,411,1.62,,,,,,,,,,,,,,,,,,,,
7630 - Malignant neoplasms of the breast,43,360,403,8.37,,,,,,,,,,,,,,,,,,,,
8885 - Undiagnosed condition - peripheral nerve paralysis,156,233,389,1.49,,,,,,,,,,,,,,,,,,,,
6080 - Impairment to field of vision,162,227,389,1.4,,,,,,,,,,,,,,,,,,,,
6066 - Loss of 1 eye; vision 20/40 in other,152,233,385,1.53,,,,,,,,,,,,,,,,,,,,
7914 - Malignant growth of the endocrine system,57,326,383,5.72,,,,,,,,,,,,,,,,,,,,
6513 - Maxillary sinusitis,59,305,364,5.17,,,,,,,,,,,,,,,,,,,,
7344 - Benign growths of digestive system,81,241,322,2.98,,,,,,,,,,,,,,,,,,,,
8868 - Undiagnosed condition - lungs and pleura,87,231,318,2.66,,,,,,,,,,,,,,,,,,,,
7337 - Ani pruritis,117,196,313,1.68,,,,,,,,,,,,,,,,,,,,
7323 - Ulcerative colitis,72,235,307,3.26,,,,,,,,,,,,,,,,,,,,
5282 - Hammer toe,108,193,301,1.79,,,,,,,,,,,,,,,,,,,,
6042 - Retinal dystrophy,75,224,299,2.99,,,,,,,,,,,,,,,,,,,,
7325 - Chronic enteritis,132,165,297,1.25,,,,,,,,,,,,,,,,,,,,
7311 - Liver injury,94,202,296,2.15,,,,,,,,,,,,,,,,,,,,
6350 - Systemic lupus erythematosus,115,174,289,1.51,,,,,,,,,,,,,,,,,,,,
8514 - Paralysis of the radial nerve,53,234,287,4.42,,,,,,,,,,,,,,,,,,,,
8520 - Paralysis of the sciatic nerve,80,205,285,2.56,,,,,,,,,,,,,,,,,,,,
7542 - Neurogenic bladder,39,240,279,6.15,,,,,,,,,,,,,,,,,,,,
7304 - Gastric ulcer,75,196,271,2.61,,,,,,,,,,,,,,,,,,,,
8510 - Paralysis of the upper radicular nerve group,26,244,270,9.38,,,,,,,,,,,,,,,,,,,,
9326 - Dementia due to general medical conditions,84,185,269,2.2,,,,,,,,,,,,,,,,,,,,
8003 - Benign Growth of the Brain,86,174,260,2.02,,,,,,,,,,,,,,,,,,,,
9432 - 9432-Bipolar disorder,98,161,259,1.64,,,,,,,,,,,,,,,,,,,,
8870 - Undiagnosed condition - heart disease,45,213,258,4.73,,,,,,,,,,,,,,,,,,,,
7315 - Cholelithiasis (gall stones),93,165,258,1.77,,,,,,,,,,,,,,,,,,,,
6731 - Chronic inactive pulmonary tuberculosis,89,167,256,1.88,,,,,,,,,,,,,,,,,,,,
5331 - Compartment syndrome,0,250,250,500,,,,,,,,,,,,,,,,,,,,
7007 - Hypertensive heart disease,34,215,249,6.32,,,,,,,,,,,,,,,,,,,,
7715 - Non-Hodgkin's lymphoma,94,154,248,1.64,,,,,,,,,,,,,,,,,,,,
5311 - Injury affecting propulsion (group XI) of foot,119,128,247,1.08,,,,,,,,,,,,,,,,,,,,
6833 - Asbestosis,99,147,246,1.48,,,,,,,,,,,,,,,,,,,,
"6000 - Choroidopathy-uveitis,iritis,cyclitis,choroiditis",69,176,245,2.55,,,,,,,,,,,,,,,,,,,,
"5278 - Claw foot (pes cavus, acquired",106,139,245,1.31,,,,,,,,,,,,,,,,,,,,
8046 - Cerebral arteriosclerosis,58,185,243,3.19,,,,,,,,,,,,,,,,,,,,
8875 - Undiagnosed condition - genitourinary system,37,201,238,5.43,,,,,,,,,,,,,,,,,,,,
8862 - Undiagnosed condition - ear and other sense organ,55,183,238,3.33,,,,,,,,,,,,,,,,,,,,
6034 - Pterygium (thickening of membrane),83,154,237,1.86,,,,,,,,,,,,,,,,,,,,
8511 - Paralysis of the middle radicular nerve group,42,193,235,4.6,,,,,,,,,,,,,,,,,,,,
"5258 - Dislocated cartilage, semilunar - knee",143,92,235,0.64,,,,,,,,,,,,,,,,,,,,
7631 - Benign neoplasms of the breast,79,151,230,1.91,,,,,,,,,,,,,,,,,,,,
6260 - Tinnitus,42,186,228,4.43,,,,,,,,,,,,,,,,,,,,
7310 - Stomach injury,63,165,228,2.62,,,,,,,,,,,,,,,,,,,,
6008 - Detachment of retina,94,134,228,1.43,,,,,,,,,,,,,,,,,,,,
8521 - Paralysis of the external popliteal nerve,41,186,227,4.54,,,,,,,,,,,,,,,,,,,,
7900 - Hyperthyroidism,72,155,227,2.15,,,,,,,,,,,,,,,,,,,,
7627 - Malignant growths - gynecological system or breast,30,195,225,6.5,,,,,,,,,,,,,,,,,,,,
6511 - Ethmoid sinusitis,41,181,222,4.41,,,,,,,,,,,,,,,,,,,,
6019 - Ptosis (drooping eyelid),107,114,221,1.07,,,,,,,,,,,,,,,,,,,,
5313 - Injury affecting hip extension and knee flexion,95,119,214,1.25,,,,,,,,,,,,,,,,,,,,
7345 - Infectious hepatitis,64,149,213,2.33,,,,,,,,,,,,,,,,,,,,
6209 - Benign growth of ear,65,147,212,2.26,,,,,,,,,,,,,,,,,,,,
7203 - Stricture of esophagus,42,163,205,3.88,,,,,,,,,,,,,,,,,,,,
6001 - Keratopathy,82,123,205,1.5,,,,,,,,,,,,,,,,,,,,
7011 - Ventricular Arrhythmias,66,137,203,2.08,,,,,,,,,,,,,,,,,,,,
7329 - Resection of the large intestine,71,132,203,1.86,,,,,,,,,,,,,,,,,,,,
7529 - Benign growths of genitourinary system,62,137,199,2.21,,,,,,,,,,,,,,,,,,,,
6825 - Diffuse interstitial fibrosis,19,177,196,9.32,,,,,,,,,,,,,,,,,,,,
6601 - Bronchiectasis (dilatation of the bronchi),25,171,196,6.84,,,,,,,,,,,,,,,,,,,,
7816 - Psoriasis,72,124,196,1.72,,,,,,,,,,,,,,,,,,,,
6817 - Pulmonary Vascular Disease,72,122,194,1.69,,,,,,,,,,,,,,,,,,,,
5014 - Osteomalacia,89,104,193,1.17,,,,,,,,,,,,,,,,,,,,
9421 - Somatization disorder,74,118,192,1.59,,,,,,,,,,,,,,,,,,,,
6845 - Chronic pleural effusion,66,125,191,1.89,,,,,,,,,,,,,,,,,,,,
"6012 - Glaucoma, inflammatory",70,121,191,1.73,,,,,,,,,,,,,,,,,,,,
8871 - Undiagnosed condition - arteries and veins,33,157,190,4.76,,,,,,,,,,,,,,,,,,,,
5241 - Spinal Fusion,69,121,190,1.75,,,,,,,,,,,,,,,,,,,,
7527 - Prostate gland injuries,71,118,189,1.66,,,,,,,,,,,,,,,,,,,,
7206 - Gastroesophageal reflux disease,0,186,186,372,,,,,,,,,,,,,,,,,,,,
7338 - Inguinal hernia,80,105,185,1.31,,,,,,,,,,,,,,,,,,,,
7305 - Duodenal ulcer,62,121,183,1.95,,,,,,,,,,,,,,,,,,,,
5054 - Hip replacement,6,170,176,28.33,,,,,,,,,,,,,,,,,,,,
5022 - Bone  inflammation,176,0,176,0,,,,,,,,,,,,,,,,,,,,
7525 - Chronic epididymo-orchitis,43,126,169,2.93,,,,,,,,,,,,,,,,,,,,
6521 - Injury to the pharynx,61,105,166,1.72,,,,,,,,,,,,,,,,,,,,
7020 - Cardiomyopathy,44,121,165,2.75,,,,,,,,,,,,,,,,,,,,
"5261 - Limitation of extension, knee",42,122,164,2.9,,,,,,,,,,,,,,,,,,,,
6015 - Benign growths of eye,78,85,163,1.09,,,,,,,,,,,,,,,,,,,,
"5253 - Thigh condition, general",72,87,159,1.21,,,,,,,,,,,,,,,,,,,,
7314 - Cholecystitis (inflammation of the gall bladder),42,116,158,2.76,,,,,,,,,,,,,,,,,,,,
5235 - Vertebral Fracture or Dislocation,60,92,152,1.53,,,,,,,,,,,,,,,,,,,,
7703 - Leukemia,67,84,151,1.25,,,,,,,,,,,,,,,,,,,,
7015 - Atrioventricular block,33,117,150,3.55,,,,,,,,,,,,,,,,,,,,
5236 - Sacroiliac Injury and Weakness,40,110,150,2.75,,,,,,,,,,,,,,,,,,,,
"5330 - Rhabdomyolysis, residuals of",0,148,148,296,,,,,,,,,,,,,,,,,,,,
"7805 - Scars, general",104,44,148,0.42,,,,,,,,,,,,,,,,,,,,
8103 - Nervous tic,51,94,145,1.84,,,,,,,,,,,,,,,,,,,,
5309 - Injury to intrinsic muscles (group IX) of hand,39,105,144,2.69,,,,,,,,,,,,,,,,,,,,
9412 - Panic disorder and/or agoraphobia,54,88,142,1.63,,,,,,,,,,,,,,,,,,,,
6046 - Post-chiasmal disorders,42,96,138,2.29,,,,,,,,,,,,,,,,,,,,
7523 - Complete atrophy of the testis,49,88,137,1.8,,,,,,,,,,,,,,,,,,,,
7615 - Disease or injury of the ovary,50,86,136,1.72,,,,,,,,,,,,,,,,,,,,
5255 - Impairment of femur,33,102,135,3.09,,,,,,,,,,,,,,,,,,,,
7301 - Adhesions of the peritoneum,34,101,135,2.97,,,,,,,,,,,,,,,,,,,,
7009 - Bradycardia,0,134,134,268,,,,,,,,,,,,,,,,,,,,
5314 - Injury affecting knee extension and hip flexion,57,73,130,1.28,,,,,,,,,,,,,,,,,,,,
"9918 - Neoplasm, hard and soft tissue, malignant",7,122,129,17.43,,,,,,,,,,,,,,,,,,,,
7530 - Chronic renal disease,20,109,129,5.45,,,,,,,,,,,,,,,,,,,,
7709 - Hodgkin's disease,52,77,129,1.48,,,,,,,,,,,,,,,,,,,,
8799 - Neuralgia -general,74,52,126,0.7,,,,,,,,,,,,,,,,,,,,
7906 - Thyroiditis,41,82,123,2,,,,,,,,,,,,,,,,,,,,
7831 - Alopecia Areata,29,89,118,3.07,,,,,,,,,,,,,,,,,,,,
7500 - Removal of kidney,34,83,117,2.44,,,,,,,,,,,,,,,,,,,,
7541 - Renal involvement with systemic disease process,37,80,117,2.16,,,,,,,,,,,,,,,,,,,,
7204 - Esophagus spasm,40,77,117,1.93,,,,,,,,,,,,,,,,,,,,
8699 - Inflammation of a nerve - general,71,46,117,0.65,,,,,,,,,,,,,,,,,,,,
7328 - Resection of the small intestine,54,62,116,1.15,,,,,,,,,,,,,,,,,,,,
7336 - Hemorrhoids,25,89,114,3.56,,,,,,,,,,,,,,,,,,,,
8512 - Paralysis of the lower radicular nerve group,27,87,114,3.22,,,,,,,,,,,,,,,,,,,,
6843 - Traumatic chest wall defect,48,66,114,1.38,,,,,,,,,,,,,,,,,,,,
5302 - Injury to extrinsic muscles (group II) of shoulder,54,60,114,1.11,,,,,,,,,,,,,,,,,,,,
5301 - Injury to extrinsic muscles (group I) of shoulder,49,61,110,1.24,,,,,,,,,,,,,,,,,,,,
5321 - Injury to muscles of respiration,53,55,108,1.04,,,,,,,,,,,,,,,,,,,,
7339 - Ventral hernia,49,54,103,1.1,,,,,,,,,,,,,,,,,,,,
5251 - Limitation of extension of the thigh,51,51,102,1,,,,,,,,,,,,,,,,,,,,
7317 - Injury of the gall bladder,30,71,101,2.37,,,,,,,,,,,,,,,,,,,,
8002 - Malignant Growth of the Brain,13,87,100,6.69,,,,,,,,,,,,,,,,,,,,
9404 - Obsessive compulsive disorder,25,75,100,3,,,,,,,,,,,,,,,,,,,,
8025 - Myasthenia gravis,36,64,100,1.78,,,,,,,,,,,,,,,,,,,,
6520 - Stenosis (constriction) of the larynx,40,60,100,1.5,,,,,,,,,,,,,,,,,,,,
6828 - Eosinophilic granuloma of lung,11,87,98,7.91,,,,,,,,,,,,,,,,,,,,
7326 - Chronic entercolitis,34,64,98,1.88,,,,,,,,,,,,,,,,,,,,
7916 - Hyperpituitarism,37,61,98,1.65,,,,,,,,,,,,,,,,,,,,
6516 - Chronic laryngitis,27,70,97,2.59,,,,,,,,,,,,,,,,,,,,
7613 - Disease or injury of the uterus,34,63,97,1.85,,,,,,,,,,,,,,,,,,,,
8876 - Undiagnosed condition - gynecological system,20,76,96,3.8,,,,,,,,,,,,,,,,,,,,
"9310 - Dementia, unknown etiology",20,76,96,3.8,,,,,,,,,,,,,,,,,,,,
7824 - Diseases of Keratinization,27,69,96,2.56,,,,,,,,,,,,,,,,,,,,
7825 - Urticaria,22,73,95,3.32,,,,,,,,,,,,,,,,,,,,
7524 - Removal of testis,17,75,92,4.41,,,,,,,,,,,,,,,,,,,,
5315 - Injury to hip adduction; knee and hip flexion,37,55,92,1.49,,,,,,,,,,,,,,,,,,,,
7110 - Aortic aneurysm,21,69,90,3.29,,,,,,,,,,,,,,,,,,,,
7016 - Heart valve replacement,16,72,88,4.5,,,,,,,,,,,,,,,,,,,,
8513 - Paralysis of all radicular nerve groups,28,60,88,2.14,,,,,,,,,,,,,,,,,,,,
7822 - Papulosquamous Disorders,32,53,85,1.66,,,,,,,,,,,,,,,,,,,,
8525 - Paralysis of the posterior tibial nerve,15,69,84,4.6,,,,,,,,,,,,,,,,,,,,
7347 - Pancreatitis,24,60,84,2.5,,,,,,,,,,,,,,,,,,,,
7205 - Diverticulum of the esophagus,18,65,83,3.61,,,,,,,,,,,,,,,,,,,,
5025 - Fibromyalgia,45,37,82,0.82,,,,,,,,,,,,,,,,,,,,
5325 - Injury to facial muscles,24,57,81,2.38,,,,,,,,,,,,,,,,,,,,
8894 - Undiagnosed condition - psychoneurotic disorders,27,54,81,2,,,,,,,,,,,,,,,,,,,,
7902 - Nontoxic adenoma of thyroid gland,28,53,81,1.89,,,,,,,,,,,,,,,,,,,,
7626 - Surgery of breast,29,52,81,1.79,,,,,,,,,,,,,,,,,,,,
"6844 - Post-surgical residual (lobectomy, pneumonectomy)",32,49,81,1.53,,,,,,,,,,,,,,,,,,,,
7122 - Residuals of cold injury,34,47,81,1.38,,,,,,,,,,,,,,,,,,,,
5167 - Loss of use of a foot,35,45,80,1.29,,,,,,,,,,,,,,,,,,,,
7520 - Removal of half or more of the penis,3,76,79,25.33,,,,,,,,,,,,,,,,,,,,
"5004 - Arthritis, gonorrheal",41,38,79,0.93,,,,,,,,,,,,,,,,,,,,
8104 - Paramyoclonus multiplex,42,37,79,0.88,,,,,,,,,,,,,,,,,,,,
5305 - Injury to flexor muscles (group V) of elbow,45,34,79,0.76,,,,,,,,,,,,,,,,,,,,
7543 - Varicocele or hydrocele,0,78,78,156,,,,,,,,,,,,,,,,,,,,
8879 - Undiagnosed condition - endocrine system,17,61,78,3.59,,,,,,,,,,,,,,,,,,,,
7309 - Stenosis of the stomach,30,48,78,1.6,,,,,,,,,,,,,,,,,,,,
7512 - 7512-Cystitis,18,59,77,3.28,,,,,,,,,,,,,,,,,,,,
6840 - Paralysis of the diaphragm,23,53,76,2.3,,,,,,,,,,,,,,,,,,,,
7720 - Iron Deficiency Anemia,24,51,75,2.13,,,,,,,,,,,,,,,,,,,,
8522 - Paralysis of the superficial peroneal nerve,31,44,75,1.42,,,,,,,,,,,,,,,,,,,,
7517 - Injury of bladder,19,55,74,2.89,,,,,,,,,,,,,,,,,,,,
"6732 - Pleurisy, active or inactive",7,66,73,9.43,,,,,,,,,,,,,,,,,,,,
5202 - Impairment of upper arm - humerus,31,42,73,1.35,,,,,,,,,,,,,,,,,,,,
8526 - Paralysis of the anterior crural nerve,11,61,72,5.55,,,,,,,,,,,,,,,,,,,,
7509 - Hydronephrosis,16,56,72,3.5,,,,,,,,,,,,,,,,,,,,
7114 - Arteriosclerosis obliterans,21,50,71,2.38,,,,,,,,,,,,,,,,,,,,
7829 - Chloracne,26,45,71,1.73,,,,,,,,,,,,,,,,,,,,
5012 - Malignant growth of the bones,14,56,70,4,,,,,,,,,,,,,,,,,,,,
8019 - Meningitis,27,43,70,1.59,,,,,,,,,,,,,,,,,,,,
5312 - Injury affecting dorsiflexion (group XII) of foot,29,41,70,1.41,,,,,,,,,,,,,,,,,,,,
7340 - Femoral hernia,32,38,70,1.19,,,,,,,,,,,,,,,,,,,,
8010 - Myelitis (inflammation of the spinal cord),28,41,69,1.46,,,,,,,,,,,,,,,,,,,,
5329 - Soft tissue sarcoma,22,45,67,2.05,,,,,,,,,,,,,,,,,,,,
6319 - Lyme Disease,25,42,67,1.68,,,,,,,,,,,,,,,,,,,,
7312 - Cirrhosis of the liver,19,47,66,2.47,,,,,,,,,,,,,,,,,,,,
6100 - 6100-Hearing loss,20,46,66,2.3,,,,,,,,,,,,,,,,,,,,
7629 - Endometriosis,21,45,66,2.14,,,,,,,,,,,,,,,,,,,,
8524 - Paralysis of the internal popliteal nerve,6,59,65,9.83,,,,,,,,,,,,,,,,,,,,
8523 - Paralysis of the anterior tibial nerve,19,46,65,2.42,,,,,,,,,,,,,,,,,,,,
8877 - Undiagnosed Condition - Hemic And Lymphatic System,19,46,65,2.42,,,,,,,,,,,,,,,,,,,,
9304 - Dementia due to head trauma,30,33,63,1.1,,,,,,,,,,,,,,,,,,,,
9900 - Inflammation of the jawbone,19,43,62,2.26,,,,,,,,,,,,,,,,,,,,
7611 - Disease or injury of the vagina,28,34,62,1.21,,,,,,,,,,,,,,,,,,,,
5297 - Removal of rib(s),36,26,62,0.72,,,,,,,,,,,,,,,,,,,,
5023 - Muscle inflammation with bone deposit,35,25,60,0.71,,,,,,,,,,,,,,,,,,,,
"9917 - Neoplasm, hard and soft tissue, benign",17,42,59,2.47,,,,,,,,,,,,,,,,,,,,
9299 - Psychotic disorder - general,30,29,59,0.97,,,,,,,,,,,,,,,,,,,,
6514 - Sphenoid sinusitis,8,50,58,6.25,,,,,,,,,,,,,,,,,,,,
5283 - Malunion of tarsal or metatarsal bones (toes),28,30,58,1.07,,,,,,,,,,,,,,,,,,,,
8000 - Encephalitis,15,42,57,2.8,,,,,,,,,,,,,,,,,,,,
5016 - Bone deformity,20,36,56,1.8,,,,,,,,,,,,,,,,,,,,
9422 - Pain disorder,15,40,55,2.67,,,,,,,,,,,,,,,,,,,,
6211 - Perforated ear drum,16,39,55,2.44,,,,,,,,,,,,,,,,,,,,
5316 - Injury affecting hip flexion,20,35,55,1.75,,,,,,,,,,,,,,,,,,,,
8527 - Paralysis of the internal saphenous nerve,5,49,54,9.8,,,,,,,,,,,,,,,,,,,,
8860 - Undiagnosed condition - eye disease,17,37,54,2.18,,,,,,,,,,,,,,,,,,,,
"7804 - Scars, superficial (tender)",23,31,54,1.35,,,,,,,,,,,,,,,,,,,,
5263 - Gena recurvatum - knee condition,6,47,53,7.83,,,,,,,,,,,,,,,,,,,,
9521 - Bulimia nervosa,20,31,51,1.55,,,,,,,,,,,,,,,,,,,,
"6200 - Otitis media, chronic (ear infection)",22,29,51,1.32,,,,,,,,,,,,,,,,,,,,
7332 - Impairment of sphincter control,22,29,51,1.32,,,,,,,,,,,,,,,,,,,,
7725 - Myelodysplastic Syndromes,13,37,50,2.85,,,,,,,,,,,,,,,,,,,,
9904 - Malunion of lower jaw,14,36,50,2.57,,,,,,,,,,,,,,,,,,,,
6202 - Otosclerosis,21,29,50,1.38,,,,,,,,,,,,,,,,,,,,
6510 - Pansinusitis,12,37,49,3.08,,,,,,,,,,,,,,,,,,,,
5320 - Injury to extension and lateral motion - spine,19,30,49,1.58,,,,,,,,,,,,,,,,,,,,
8023 - Progressive muscular atrophy,7,41,48,5.86,,,,,,,,,,,,,,,,,,,,
7905 - Hypoparathyroidism,13,35,48,2.69,,,,,,,,,,,,,,,,,,,,
7200 - Mouth injury,17,31,48,1.82,,,,,,,,,,,,,,,,,,,,
7614 - Disease or injury of the fallopian tube,18,30,48,1.67,,,,,,,,,,,,,,,,,,,,
5011 - Caisson disease of the bones,15,32,47,2.13,,,,,,,,,,,,,,,,,,,,
7809 - Discoid lupus,17,30,47,1.76,,,,,,,,,,,,,,,,,,,,
5216 - Unfavorable ankylosis of one hand,19,28,47,1.47,,,,,,,,,,,,,,,,,,,,
6822 - Actinomycosis (lesions of the lymph nodes),1,45,46,45,,,,,,,,,,,,,,,,,,,,
9423 - Undifferentiated somatoform disorder,12,34,46,2.83,,,,,,,,,,,,,,,,,,,,
6081 - Scotoma,22,24,46,1.09,,,,,,,,,,,,,,,,,,,,
8024 - Syringomyelia,22,24,46,1.09,,,,,,,,,,,,,,,,,,,,
5317 - Injury affecting hip extension,23,23,46,1,,,,,,,,,,,,,,,,,,,,
7827 - Erythema Multiforme; Toxic Epidermal Necrolysis,1,44,45,44,,,,,,,,,,,,,,,,,,,,
8207 - Paralysis of the 7th cranial nerve,18,27,45,1.5,,,,,,,,,,,,,,,,,,,,
7632 - Female Sexual Arousal Disorder (FSAD),12,32,44,2.67,,,,,,,,,,,,,,,,,,,,
5207 - Limited extension of the forearm,15,29,44,1.93,,,,,,,,,,,,,,,,,,,,
6354 - Chronic fatigue syndrome,14,29,43,2.07,,,,,,,,,,,,,,,,,,,,
7533 - Cystic diseases of the kidneys,20,23,43,1.15,,,,,,,,,,,,,,,,,,,,
5272 - Ankylosis of tarsal joint - ankle,9,33,42,3.67,,,,,,,,,,,,,,,,,,,,
5275 - Shortening of bone in lower leg,9,33,42,3.67,,,,,,,,,,,,,,,,,,,,
7821 - Skin Condition,11,31,42,2.82,,,,,,,,,,,,,,,,,,,,
5319 - Injury to flexion and lateral motion - spine,15,27,42,1.8,,,,,,,,,,,,,,,,,,,,
7612 - Disease or injury of the cervix,15,27,42,1.8,,,,,,,,,,,,,,,,,,,,
5307 - Injury to flexors (group VII) of fingers/thumb,16,26,42,1.63,,,,,,,,,,,,,,,,,,,,
9403 - Simple or social phobia,18,24,42,1.33,,,,,,,,,,,,,,,,,,,,
7830 - Scarring Alopecia,21,21,42,1,,,,,,,,,,,,,,,,,,,,
7510 - Urinary condition,42,0,42,0,,,,,,,,,,,,,,,,,,,,
6007 - Intraocular hemorrhage,10,31,41,3.1,,,,,,,,,,,,,,,,,,,,
5273 - Malunion of ankle,12,29,41,2.42,,,,,,,,,,,,,,,,,,,,
5308 - Injury to extensors (group VIII) of fingers/thumb,10,30,40,3,,,,,,,,,,,,,,,,,,,,
8872 - Undiagnosed condition - upper digestive system,5,34,39,6.8,,,,,,,,,,,,,,,,,,,,
7502 - Chronic nephritis,8,31,39,3.88,,,,,,,,,,,,,,,,,,,,
5303 - Injury to intrinsic muscle (group III) of shoulder,17,22,39,1.29,,,,,,,,,,,,,,,,,,,,
8853 - Undiagnosed condition - muscle,17,22,39,1.29,,,,,,,,,,,,,,,,,,,,
8880 - Undiagnosed condition - central nervous system,11,27,38,2.45,,,,,,,,,,,,,,,,,,,,
8022 - Benign growth of the spinal cord,14,24,38,1.71,,,,,,,,,,,,,,,,,,,,
5227 - Ankylosis of the ring or little finger,30,8,38,0.27,,,,,,,,,,,,,,,,,,,,
"7111 - Aneurysm, any large artery",3,34,37,11.33,,,,,,,,,,,,,,,,,,,,
6036 - Status Post Corneal Transplant,8,29,37,3.63,,,,,,,,,,,,,,,,,,,,
7354 - Hepatitis C,9,27,36,3,,,,,,,,,,,,,,,,,,,,
"8911 - Epilepsy, petit mal",17,19,36,1.12,,,,,,,,,,,,,,,,,,,,
6824 - Chronic lung abscess,13,22,35,1.69,,,,,,,,,,,,,,,,,,,,
5240 - Ankylosing Spondylitis,14,21,35,1.5,,,,,,,,,,,,,,,,,,,,
8205 - Paralysis of the 5th cranial nerve,17,18,35,1.06,,,,,,,,,,,,,,,,,,,,
8710 - Neuralgia of the upper radicular nerve group,2,32,34,16,,,,,,,,,,,,,,,,,,,,
8720 - Neuralgia of the sciatic nerve,3,31,34,10.33,,,,,,,,,,,,,,,,,,,,
5298 - Removal of coccyx (tailbone),11,23,34,2.09,,,,,,,,,,,,,,,,,,,,
8899 - Undiagnosed condition - dental and oral condition,10,23,33,2.3,,,,,,,,,,,,,,,,,,,,
7832 - Hyperhidrosis,11,22,33,2,,,,,,,,,,,,,,,,,,,,
5322 - Injury to muscles at front of neck,15,18,33,1.2,,,,,,,,,,,,,,,,,,,,
8210 - Paralysis of the 10th cranial nerve,19,14,33,0.74,,,,,,,,,,,,,,,,,,,,
7207 - Barrett's esophagus,0,31,31,62,,,,,,,,,,,,,,,,,,,,
6276 - Complete loss of sense of taste,6,25,31,4.17,,,,,,,,,,,,,,,,,,,,
8889 - Undiagnosed condition - epilepsies,11,20,31,1.82,,,,,,,,,,,,,,,,,,,,
7117 - Raynaud's syndrome,16,15,31,0.94,,,,,,,,,,,,,,,,,,,,
8020 - Abscess of the brain,16,15,31,0.94,,,,,,,,,,,,,,,,,,,,
9305 - Vascular dementia,8,22,30,2.75,,,,,,,,,,,,,,,,,,,,
8499 - Neuralgia - general,15,15,30,1,,,,,,,,,,,,,,,,,,,,
7815 - Pemphigus,16,14,30,0.88,,,,,,,,,,,,,,,,,,,,
7823 - Vitiligo,7,22,29,3.14,,,,,,,,,,,,,,,,,,,,
5306 - Injury to extensor muscles (group VI) of elbow,8,21,29,2.63,,,,,,,,,,,,,,,,,,,,
5318 - Injury to thigh rotation and hip stabilization,12,17,29,1.42,,,,,,,,,,,,,,,,,,,,
8711 - Neuralgia of the middle radicular nerve group,1,27,28,27,,,,,,,,,,,,,,,,,,,,
6014 - Malignant growths of eye (eyeball only),3,25,28,8.33,,,,,,,,,,,,,,,,,,,,
8519 - Paralysis of the long thoracic nerve,6,22,28,3.67,,,,,,,,,,,,,,,,,,,,
8211 - Paralysis of the 11th cranial nerve,8,20,28,2.5,,,,,,,,,,,,,,,,,,,,
7917 - Hyperaldosteronism,9,19,28,2.11,,,,,,,,,,,,,,,,,,,,
5323 - Injury to muscles at side and back of neck,11,17,28,1.55,,,,,,,,,,,,,,,,,,,,
5210 - Nonunion of radius and ulna,18,10,28,0.56,,,,,,,,,,,,,,,,,,,,
8893 - Undiagnosed condition - organic mental disorders,18,10,28,0.56,,,,,,,,,,,,,,,,,,,,
6091 - Symblepharon (eyelid condition),5,22,27,4.4,,,,,,,,,,,,,,,,,,,,
6199 - Hearing loss - general,7,20,27,2.86,,,,,,,,,,,,,,,,,,,,
7712 - Inguinal adenitis,10,17,27,1.7,,,,,,,,,,,,,,,,,,,,
7121 - Post-phlebitic syndrome,11,16,27,1.45,,,,,,,,,,,,,,,,,,,,
9905 - Limited motion of the jaw,12,15,27,1.25,,,,,,,,,,,,,,,,,,,,
"5244 - traumatic paralysis, complete",0,26,26,52,,,,,,,,,,,,,,,,,,,,
9913 - Loss of teeth,6,20,26,3.33,,,,,,,,,,,,,,,,,,,,
5209 - Impairment of elbow or flail joint,9,17,26,1.89,,,,,,,,,,,,,,,,,,,,
9211 - Schizoaffective disorder,12,14,26,1.17,,,,,,,,,,,,,,,,,,,,
9424 - Conversion disorder,17,9,26,0.53,,,,,,,,,,,,,,,,,,,,
6523 - Bacterial rhinitis,5,20,25,4,,,,,,,,,,,,,,,,,,,,
5304 - Injury to intrinsic muscles (group IV) of shoulder,7,18,25,2.57,,,,,,,,,,,,,,,,,,,,
6032 - Loss of portion of eyelids,7,18,25,2.57,,,,,,,,,,,,,,,,,,,,
6210 - Disease of the auditory canal,10,15,25,1.5,,,,,,,,,,,,,,,,,,,,
5000 - Osteomyelitis,13,12,25,0.92,,,,,,,,,,,,,,,,,,,,
8887 - Undiagnosed condition - peripheral nerve neuralgia,14,11,25,0.79,,,,,,,,,,,,,,,,,,,,
"5199 - Orthopedic condition, general",17,8,25,0.47,,,,,,,,,,,,,,,,,,,,
7008 - Hyperthyroid heart disease,3,21,24,7,,,,,,,,,,,,,,,,,,,,
8620 - Inflammation of the sciatic nerve,8,16,24,2,,,,,,,,,,,,,,,,,,,,
"7801 - Scars, burns (3rd degree)",9,15,24,1.67,,,,,,,,,,,,,,,,,,,,
5214 - Ankylosis of wrist,10,14,24,1.4,,,,,,,,,,,,,,,,,,,,
7504 - Chronic pyelonephritis,10,14,24,1.4,,,,,,,,,,,,,,,,,,,,
7705 - Thrombocytopenia,11,13,24,1.18,,,,,,,,,,,,,,,,,,,,
"7112 - Aneurysm, any small artery",16,8,24,0.5,,,,,,,,,,,,,,,,,,,,
8517 - Paralysis of the musculocutaneous nerve,6,17,23,2.83,,,,,,,,,,,,,,,,,,,,
"7808 - Leishmaniasis, old world",8,15,23,1.88,,,,,,,,,,,,,,,,,,,,
7316 - Chronic cholangitis,9,14,23,1.56,,,,,,,,,,,,,,,,,,,,
"9201 - Schizophrenia, disorganized type",11,12,23,1.09,,,,,,,,,,,,,,,,,,,,
7707 - Injury of spleen,12,11,23,0.92,,,,,,,,,,,,,,,,,,,,
7002 - Pericarditis,4,18,22,4.5,,,,,,,,,,,,,,,,,,,,
7511 - Stricture of ureter,5,17,22,3.4,,,,,,,,,,,,,,,,,,,,
6799 - Lung condition - general,6,16,22,2.67,,,,,,,,,,,,,,,,,,,,
5310 - Injury to intrinsic muscles (group X) of foot,7,15,22,2.14,,,,,,,,,,,,,,,,,,,,
6002 - Scleritis,8,14,22,1.75,,,,,,,,,,,,,,,,,,,,
9210 - Atypical psychosis,13,9,22,0.69,,,,,,,,,,,,,,,,,,,,
5296 - Loss of part of skull,15,7,22,0.47,,,,,,,,,,,,,,,,,,,,
"6832 - Pneumoconiosis (silicosis, anthracosis, etc",4,17,21,4.25,,,,,,,,,,,,,,,,,,,,
7115 - Thrombo-angiitis obliterans (Buerger's Disease),5,16,21,3.2,,,,,,,,,,,,,,,,,,,,
7619 - Removal of ovary,8,13,21,1.63,,,,,,,,,,,,,,,,,,,,
6835 - Coccidiodomycosis (fungous disease),10,11,21,1.1,,,,,,,,,,,,,,,,,,,,
5125 - Loss of use of one hand,5,15,20,3,,,,,,,,,,,,,,,,,,,,
8726 - Neuralgia of the anterior crural nerve,9,11,20,1.22,,,,,,,,,,,,,,,,,,,,
7334 - Prolapse of rectum,12,8,20,0.67,,,,,,,,,,,,,,,,,,,,
5110 - Loss of use of both feet,13,7,20,0.54,,,,,,,,,,,,,,,,,,,,
"9312 - Dementia, Alzheimer's type",0,19,19,38,,,,,,,,,,,,,,,,,,,,
5051 - Shoulder replacement,3,16,19,5.33,,,,,,,,,,,,,,,,,,,,
7904 - Hyperparathyroidism,5,14,19,2.8,,,,,,,,,,,,,,,,,,,,
6304 - Malaria,8,11,19,1.38,,,,,,,,,,,,,,,,,,,,
7518 - Stricture of the urethra,8,11,19,1.38,,,,,,,,,,,,,,,,,,,,
8611 - Inflammation of middle radicular nerve group,0,18,18,36,,,,,,,,,,,,,,,,,,,,
6311 - Miliary tuberculosis,3,15,18,5,,,,,,,,,,,,,,,,,,,,
9520 - Anorexia nervosa,3,15,18,5,,,,,,,,,,,,,,,,,,,,
7333 - Stricture of rectum/anus,4,14,18,3.5,,,,,,,,,,,,,,,,,,,,
8716 - Neuralgia of the ulnar nerve,4,14,18,3.5,,,,,,,,,,,,,,,,,,,,
7516 - Fistula of bladder,5,13,18,2.6,,,,,,,,,,,,,,,,,,,,
7610 - Disease or injury of the vulva,5,13,18,2.6,,,,,,,,,,,,,,,,,,,,
6305 - Lymphatic Filariasis,6,12,18,2,,,,,,,,,,,,,,,,,,,,
"5008 - Arthritis, streptococcic",8,10,18,1.25,,,,,,,,,,,,,,,,,,,,
6320 - Parasitic disease,8,10,18,1.25,,,,,,,,,,,,,,,,,,,,
6029 - Aphakia (absence of eye lens),9,9,18,1,,,,,,,,,,,,,,,,,,,,
5328 - Benign muscle growth,11,7,18,0.64,,,,,,,,,,,,,,,,,,,,
"7807 - Leishmaniasis, americana",11,7,18,0.64,,,,,,,,,,,,,,,,,,,,
8106 - Huntington's chorea,13,5,18,0.38,,,,,,,,,,,,,,,,,,,,
7321 - Amebiasis,0,17,17,34,,,,,,,,,,,,,,,,,,,,
8610 - Inflammation of upper radicular nerve group,2,15,17,7.5,,,,,,,,,,,,,,,,,,,,
8882 - Undiagnosed condition - cranial nerve paralysis,8,9,17,1.13,,,,,,,,,,,,,,,,,,,,
"8910 - Epilepsy, grand mal",10,7,17,0.7,,,,,,,,,,,,,,,,,,,,
8886 - Undiagnosed condition - peripheral nerve neuritis,11,6,17,0.55,,,,,,,,,,,,,,,,,,,,
8107 - Athetosis,13,4,17,0.31,,,,,,,,,,,,,,,,,,,,
6518 - Total laryngectomy,4,12,16,3,,,,,,,,,,,,,,,,,,,,
7718 - Essential thrombocythemia/Primary myelofibrosis,5,11,16,2.2,,,,,,,,,,,,,,,,,,,,
5327 - Malignant muscle growth,7,9,16,1.29,,,,,,,,,,,,,,,,,,,,
7907 - Cushing's syndrome,7,9,16,1.29,,,,,,,,,,,,,,,,,,,,
"6065 - Loss of 1 eye; vision 20/100, 70 or 50 in other",8,8,16,1,,,,,,,,,,,,,,,,,,,,
8715 - Neuralgia of the median nerve,1,14,15,14,,,,,,,,,,,,,,,,,,,,
7308 - Postgastrectomy syndromes,3,12,15,4,,,,,,,,,,,,,,,,,,,,
6834 - Histoplasmosis (infection of lung - from spores,4,11,15,2.75,,,,,,,,,,,,,,,,,,,,
8011 - Poliomyelitis,6,9,15,1.5,,,,,,,,,,,,,,,,,,,,
5172 - Amputation of a toe other than great,8,7,15,0.88,,,,,,,,,,,,,,,,,,,,
5220 - Favorable ankylosis of all fingers,9,6,15,0.67,,,,,,,,,,,,,,,,,,,,
8540 - Soft tissue sarcoma (neurogenic origin),2,12,14,6,,,,,,,,,,,,,,,,,,,,
8621 - Inflammation of the external popliteal nerve,2,12,14,6,,,,,,,,,,,,,,,,,,,,
5200 - Ankylosis of shoulder joint,3,11,14,3.67,,,,,,,,,,,,,,,,,,,,
7507 - Nephrosclerosis,4,10,14,2.5,,,,,,,,,,,,,,,,,,,,
8616 - Inflammation of the ulnar nerve,4,10,14,2.5,,,,,,,,,,,,,,,,,,,,
7351 - Liver Transplant,6,8,14,1.33,,,,,,,,,,,,,,,,,,,,
7716 - Aplastic anemia,7,7,14,1,,,,,,,,,,,,,,,,,,,,
6309 - Rheumatic Fever,8,6,14,0.75,,,,,,,,,,,,,,,,,,,,
8399 - Neuritis - general,12,2,14,0.17,,,,,,,,,,,,,,,,,,,,
"5007 - Arthritis, syphilitic",2,11,13,5.5,,,,,,,,,,,,,,,,,,,,
8712 - Neuralgia of the lower radicular nerve group,2,11,13,5.5,,,,,,,,,,,,,,,,,,,,
7202 - Loss of tongue,4,9,13,2.25,,,,,,,,,,,,,,,,,,,,
7617 - Removal of uterus and both ovaries,4,9,13,2.25,,,,,,,,,,,,,,,,,,,,
9903 - Nonunion of lower jaw,5,8,13,1.6,,,,,,,,,,,,,,,,,,,,
"7826 - Vasculitis, Primary Cutaneous",7,6,13,0.86,,,,,,,,,,,,,,,,,,,,
7001 - Endocarditis,8,5,13,0.63,,,,,,,,,,,,,,,,,,,,
5018 - Hydrarthrosis,13,0,13,0,,,,,,,,,,,,,,,,,,,,
5256 - Ankylosis of the knee,0,12,12,24,,,,,,,,,,,,,,,,,,,,
6275 - Complete loss of sense of smell,3,9,12,3,,,,,,,,,,,,,,,,,,,,
6504 - Partial loss of the nose (or scars),3,9,12,3,,,,,,,,,,,,,,,,,,,,
7719 - Chronic Myelogenous Leukemia (CML),3,9,12,3,,,,,,,,,,,,,,,,,,,,
8714 - Neuralgia of the radial nerve,3,9,12,3,,,,,,,,,,,,,,,,,,,,
8721 - Neuralgia of the external popliteal nerve,3,9,12,3,,,,,,,,,,,,,,,,,,,,
6310 - Syphilis,6,6,12,1,,,,,,,,,,,,,,,,,,,,
"5006 - Arthritis, typhoid",9,3,12,0.33,,,,,,,,,,,,,,,,,,,,
6829 - Drug-induced pulmonary pneumonia,1,10,11,10,,,,,,,,,,,,,,,,,,,,
7201 - Lip injury,4,7,11,1.75,,,,,,,,,,,,,,,,,,,,
6724 - Inactive pulmonary tuberculosis; unspecified,5,6,11,1.2,,,,,,,,,,,,,,,,,,,,
7322 - Dysentery,5,6,11,1.2,,,,,,,,,,,,,,,,,,,,
6723 - Inactive pulmonary tuberculosis; minimal,6,5,11,0.83,,,,,,,,,,,,,,,,,,,,
7901 - Toxic adenoma of thyroid gland,6,5,11,0.83,,,,,,,,,,,,,,,,,,,,
8005 - Bulbar palsy,6,5,11,0.83,,,,,,,,,,,,,,,,,,,,
7909 - Diabetes insipidus,7,4,11,0.57,,,,,,,,,,,,,,,,,,,,
5107 - Anatomical loss of both feet,9,2,11,0.22,,,,,,,,,,,,,,,,,,,,
6524 - Granulomatous rhinitis,0,10,10,20,,,,,,,,,,,,,,,,,,,,
7515 - Calculus in bladder,1,9,10,9,,,,,,,,,,,,,,,,,,,,
8615 - Inflammation of the median nerve,2,8,10,4,,,,,,,,,,,,,,,,,,,,
6030 - Inability to focus eyes,3,7,10,2.33,,,,,,,,,,,,,,,,,,,,
6330 - Campylobacter jejuni infection,3,7,10,2.33,,,,,,,,,,,,,,,,,,,,
7306 - Gastrojejunal ulcer,3,7,10,2.33,,,,,,,,,,,,,,,,,,,,
8212 - Paralysis of the 12th cranial nerve,4,6,10,1.5,,,,,,,,,,,,,,,,,,,,
6842 - Kyphoscoliosis (curvature of the sternum),5,5,10,1,,,,,,,,,,,,,,,,,,,,
7723 - Acquired Hemolytic Anemia,5,5,10,1,,,,,,,,,,,,,,,,,,,,
7119 - Erythromelalgia,6,4,10,0.67,,,,,,,,,,,,,,,,,,,,
5211 - Impairment of ulna,9,1,10,0.11,,,,,,,,,,,,,,,,,,,,
5288 - Ankylosis of dorsal spine,0,9,9,18,,,,,,,,,,,,,,,,,,,,
8730 - Neuralgia of the ilio-inguinal nerve,0,9,9,18,,,,,,,,,,,,,,,,,,,,
5153 - Amputation of index finger,1,8,9,8,,,,,,,,,,,,,,,,,,,,
8518 - Paralysis of the circumflex nerve,1,8,9,8,,,,,,,,,,,,,,,,,,,,
5224 - Ankylosis of the thumb,2,7,9,3.5,,,,,,,,,,,,,,,,,,,,
7918 - Pheochromocytoma,2,7,9,3.5,,,,,,,,,,,,,,,,,,,,
9416 - Dissociative disorder (multiple personalities),2,7,9,3.5,,,,,,,,,,,,,,,,,,,,
"5056 - Ankle replacement, prosthesis",3,6,9,2,,,,,,,,,,,,,,,,,,,,
5225 - Ankylosis of the index finger,3,6,9,2,,,,,,,,,,,,,,,,,,,,
7911 - Addison's disease,3,6,9,2,,,,,,,,,,,,,,,,,,,,
8530 - Paralysis of the ilio-inguinal nerve,4,5,9,1.25,,,,,,,,,,,,,,,,,,,,
6313 - Avitaminosis,5,4,9,0.8,,,,,,,,,,,,,,,,,,,,
7722 - Pernicious Anemia/Vitamin B12 Deficiency Anemia,5,4,9,0.8,,,,,,,,,,,,,,,,,,,,
8021 - Malignant growth of the spinal cord,5,4,9,0.8,,,,,,,,,,,,,,,,,,,,
8405 - Neuralgia of the 5th cranial nerve,6,3,9,0.5,,,,,,,,,,,,,,,,,,,,
8209 - Paralysis of the 9th cranial nerve,8,1,9,0.13,,,,,,,,,,,,,,,,,,,,
6061 - Anatomical loss both eyes,0,8,8,16,,,,,,,,,,,,,,,,,,,,
7534 - Artherosclerotic renal disease,0,8,8,16,,,,,,,,,,,,,,,,,,,,
5274 - Astragalectomy (ankle condition),2,6,8,3,,,,,,,,,,,,,,,,,,,,
7118 - Angioneurotic edema,2,6,8,3,,,,,,,,,,,,,,,,,,,,
7324 - Distomiasis,2,6,8,3,,,,,,,,,,,,,,,,,,,,
7912 - Pluriglandular syndrome,2,6,8,3,,,,,,,,,,,,,,,,,,,,
7618 - Removal of uterus,4,4,8,1,,,,,,,,,,,,,,,,,,,,
"8914 - Epilepsy, psychomotor",4,4,8,1,,,,,,,,,,,,,,,,,,,,
5154 - Amputation of middle finger,5,3,8,0.6,,,,,,,,,,,,,,,,,,,,
5165 - Amputation of leg permitting prosthesis,6,2,8,0.33,,,,,,,,,,,,,,,,,,,,
7355 - Celiac disease,0,7,7,14,,,,,,,,,,,,,,,,,,,,
6024 - Loss of eyelashes,1,6,7,6,,,,,,,,,,,,,,,,,,,,
"6064 - Loss of 1 eye; vision 10, 15, or 20/200 in other",1,6,7,6,,,,,,,,,,,,,,,,,,,,
5324 - Rupture of diaphragm with herniation,2,5,7,2.5,,,,,,,,,,,,,,,,,,,,
7330 - Fistula of the intestine,2,5,7,2.5,,,,,,,,,,,,,,,,,,,,
8529 - Paralysis of the external cutaneous nerve - thigh,2,5,7,2.5,,,,,,,,,,,,,,,,,,,,
7531 - Kidney transplant,4,3,7,0.75,,,,,,,,,,,,,,,,,,,,
"9916 - Maxilla, malunion or nonunion of {4.150}",4,3,7,0.75,,,,,,,,,,,,,,,,,,,,
7356 - Gastrointestinal dysmotility syndrome,0,6,6,12,,,,,,,,,,,,,,,,,,,,
8861 - Undiagnosed condition - hearing loss,0,6,6,12,,,,,,,,,,,,,,,,,,,,
6827 - Pulmonary alveolar proteinosis,1,5,6,5,,,,,,,,,,,,,,,,,,,,
7019 - Cardiac transplantation,1,5,6,5,,,,,,,,,,,,,,,,,,,,
"6017 - Conjunctivitis, chronic (trachomatus)",2,4,6,2,,,,,,,,,,,,,,,,,,,,
7123 - Soft-tissue sarcoma,2,4,6,2,,,,,,,,,,,,,,,,,,,,
7704 - Polycythemia,2,4,6,2,,,,,,,,,,,,,,,,,,,,
8725 - Neuralgia of the posterior tibial nerve,2,4,6,2,,,,,,,,,,,,,,,,,,,,
5212 - Impairment of radius,3,3,6,1,,,,,,,,,,,,,,,,,,,,
5219 - Unfavorable ankylosis of two fingers,3,3,6,1,,,,,,,,,,,,,,,,,,,,
5250 - Ankylosis of the hip,3,3,6,1,,,,,,,,,,,,,,,,,,,,
8014 - Meningovascular syphilis,3,3,6,1,,,,,,,,,,,,,,,,,,,,
"5005 - Arthritis, pneumococcic",4,2,6,0.5,,,,,,,,,,,,,,,,,,,,
7501 - Abscess of kidney,4,2,6,0.5,,,,,,,,,,,,,,,,,,,,
"9915 - Maxilla, loss of half or less",4,2,6,0.5,,,,,,,,,,,,,,,,,,,,
5171 - Amputation of great toe,5,1,6,0.2,,,,,,,,,,,,,,,,,,,,
6312 - Nontuberculosis mycobacterium infection,0,5,5,10,,,,,,,,,,,,,,,,,,,,
6831 - Hypersensitivity pneumonitis,0,5,5,10,,,,,,,,,,,,,,,,,,,,
8528 - Paralysis of the obturator nerve,0,5,5,10,,,,,,,,,,,,,,,,,,,,
8612 - Inflammation of lower radicular nerve group,0,5,5,10,,,,,,,,,,,,,,,,,,,,
8626 - Inflammation of the anterior crural nerve,0,5,5,10,,,,,,,,,,,,,,,,,,,,
5326 - Muscle hernia,1,4,5,4,,,,,,,,,,,,,,,,,,,,
7348 - Vagotomy,1,4,5,4,,,,,,,,,,,,,,,,,,,,
7919 - C-cell hyperplasia of the thyroid,1,4,5,4,,,,,,,,,,,,,,,,,,,,
8613 - Inflammation of all radicular nerve groups,1,4,5,4,,,,,,,,,,,,,,,,,,,,
5270 - Ankylosis of ankle,2,3,5,1.5,,,,,,,,,,,,,,,,,,,,
6208 - Malignant growth of ear,2,3,5,1.5,,,,,,,,,,,,,,,,,,,,
"6317 - Typhus, scrub",2,3,5,1.5,,,,,,,,,,,,,,,,,,,,
7536 - Glomerulonephritis,2,3,5,1.5,,,,,,,,,,,,,,,,,,,,
7706 - Splenectomy (removal of spleen),2,3,5,1.5,,,,,,,,,,,,,,,,,,,,
9425 - Hypochondriasis,2,3,5,1.5,,,,,,,,,,,,,,,,,,,,
5109 - Loss of use of both hands,3,2,5,0.67,,,,,,,,,,,,,,,,,,,,
"5277 - Weak foot condition, bilateral",3,2,5,0.67,,,,,,,,,,,,,,,,,,,,
6334 - Shigella infections,3,2,5,0.67,,,,,,,,,,,,,,,,,,,,
7519 - Fistula of urethra,3,2,5,0.67,,,,,,,,,,,,,,,,,,,,
9327 - Organic mental disorders,3,2,5,0.67,,,,,,,,,,,,,,,,,,,,
6016 - Nystagmus (rapid eyeball movement),4,1,5,0.25,,,,,,,,,,,,,,,,,,,,
7535 - Toxic nephropathy,4,1,5,0.25,,,,,,,,,,,,,,,,,,,,
8630 - Inflammation of the ilio-inguinal nerve,4,1,5,0.25,,,,,,,,,,,,,,,,,,,,
8723 - Neuralgia of the anterior tibial nerve,4,1,5,0.25,,,,,,,,,,,,,,,,,,,,
5053 - Wrist replacement,0,4,4,8,,,,,,,,,,,,,,,,,,,,
5254 - Hip or flail joint condition,0,4,4,8,,,,,,,,,,,,,,,,,,,,
6307 - Plague,0,4,4,8,,,,,,,,,,,,,,,,,,,,
6826 - Pneumonia,0,4,4,8,,,,,,,,,,,,,,,,,,,,
7357 - Post pancreatectomy syndrome,0,4,4,8,,,,,,,,,,,,,,,,,,,,
8105 - Sydenham's chorea,0,4,4,8,,,,,,,,,,,,,,,,,,,,
5166 - Amputation of forefoot,1,3,4,3,,,,,,,,,,,,,,,,,,,,
5205 - Ankylosis of the elbow,1,3,4,3,,,,,,,,,,,,,,,,,,,,
5217 - Unfavorable ankylosis of four fingers,1,3,4,3,,,,,,,,,,,,,,,,,,,,
6020 - Eversion of eyelid (eyelid turns outward),1,3,4,3,,,,,,,,,,,,,,,,,,,,
6331 - Coxiella burnetii infection (Q fever),1,3,4,3,,,,,,,,,,,,,,,,,,,,
6830 - Radiation-induced pneumonia,1,3,4,3,,,,,,,,,,,,,,,,,,,,
8411 - Neuralgia of the 11th cranial nerve,1,3,4,3,,,,,,,,,,,,,,,,,,,,
9099 - 9099-Psychosis,1,3,4,3,,,,,,,,,,,,,,,,,,,,
9417 - Depersonalization disorder,1,3,4,3,,,,,,,,,,,,,,,,,,,,
5156 - Amputation of little finger,2,2,4,1,,,,,,,,,,,,,,,,,,,,
6022 - Lagophthalmos (inability to close eye),2,2,4,1,,,,,,,,,,,,,,,,,,,,
6207 - Loss or partial loss of ear,2,2,4,1,,,,,,,,,,,,,,,,,,,,
6838 - Aspergillosis (lesions of the lung),2,2,4,1,,,,,,,,,,,,,,,,,,,,
6841 - Spinal cord injury with respiratory insufficiency,2,2,4,1,,,,,,,,,,,,,,,,,,,,
7003 - Pericardial adhesions,2,2,4,1,,,,,,,,,,,,,,,,,,,,
7624 - Rectovaginal fistula,2,2,4,1,,,,,,,,,,,,,,,,,,,,
7717 - Primary (AL) amyloidosis,2,2,4,1,,,,,,,,,,,,,,,,,,,,
7721 - Folic Acid Deficiency,2,2,4,1,,,,,,,,,,,,,,,,,,,,
8622 - Inflammation of the superficial peroneal nerve,2,2,4,1,,,,,,,,,,,,,,,,,,,,
9431 - Cyclothymic disorder,2,2,4,1,,,,,,,,,,,,,,,,,,,,
6301 - Visceral Leishmaniasis (Black fever),3,1,4,0.33,,,,,,,,,,,,,,,,,,,,
8713 - Neuralgia of all radicular nerve groups,3,1,4,0.33,,,,,,,,,,,,,,,,,,,,
5111 - Loss of use of one hand and one foot,4,0,4,0,,,,,,,,,,,,,,,,,,,,
5173 - Amputation of 3-4 toes other than great,0,3,3,6,,,,,,,,,,,,,,,,,,,,
5291 - Limitation of motion of dorsal spine,0,3,3,6,,,,,,,,,,,,,,,,,,,,
6325 - Disseminated Strongyloidiasis,0,3,3,6,,,,,,,,,,,,,,,,,,,,
6326 - Schistosomiasis,0,3,3,6,,,,,,,,,,,,,,,,,,,,
6329 - Dengue,0,3,3,6,,,,,,,,,,,,,,,,,,,,
6701 - Active pulmonary tuberculosis; far advanced,0,3,3,6,,,,,,,,,,,,,,,,,,,,
7532 - Renal tubular disorders,0,3,3,6,,,,,,,,,,,,,,,,,,,,
7702 - Acute agranulocytosis,0,3,3,6,,,,,,,,,,,,,,,,,,,,
7817 - Dermatitis,0,3,3,6,,,,,,,,,,,,,,,,,,,,
8867 - Undiagnosed condition - tuberculosis,0,3,3,6,,,,,,,,,,,,,,,,,,,,
8895 - Undiagnosed condition - psychophysiologic disorder,0,3,3,6,,,,,,,,,,,,,,,,,,,,
"8912 - Epilepsy, Jacksonian and focal motor or sensory",0,3,3,6,,,,,,,,,,,,,,,,,,,,
9902 - Partial loss of lower jaw,0,3,3,6,,,,,,,,,,,,,,,,,,,,
5106 - Anatomical loss of both hands,1,2,3,2,,,,,,,,,,,,,,,,,,,,
5155 - Amputation of ring finger,1,2,3,2,,,,,,,,,,,,,,,,,,,,
5293 - Invertebral disc syndrome,1,2,3,2,,,,,,,,,,,,,,,,,,,,
6302 - Leprosy (Hansen's disease),1,2,3,2,,,,,,,,,,,,,,,,,,,,
7113 - Arteriovenous fistula,1,2,3,2,,,,,,,,,,,,,,,,,,,,
7537 - Interstitial nephritis,1,2,3,2,,,,,,,,,,,,,,,,,,,,
7625 - Urethrovaginal fistula,1,2,3,2,,,,,,,,,,,,,,,,,,,,
8012 - Hematomyelia,1,2,3,2,,,,,,,,,,,,,,,,,,,,
8015 - Degeneration of spinal cord,1,2,3,2,,,,,,,,,,,,,,,,,,,,
8717 - Neuralgia of the musculocutaneous nerve,1,2,3,2,,,,,,,,,,,,,,,,,,,,
9301 - Dementia due to infection,1,2,3,2,,,,,,,,,,,,,,,,,,,,
9909 - Loss of coronoid process of jaw,1,2,3,2,,,,,,,,,,,,,,,,,,,,
5001 - Tuberculosis of bones and joints,2,1,3,0.5,,,,,,,,,,,,,,,,,,,,
5162 - Amputation of middle or lower thirds of the leg,2,1,3,0.5,,,,,,,,,,,,,,,,,,,,
5223 - Favorable ankylosis of two fingers,2,1,3,0.5,,,,,,,,,,,,,,,,,,,,
6308 - Relapsing Fever,2,1,3,0.5,,,,,,,,,,,,,,,,,,,,
8623 - Inflammation of the anterior tibial nerve,2,1,3,0.5,,,,,,,,,,,,,,,,,,,,
8851 - Undiagnosed condition - amputations,2,1,3,0.5,,,,,,,,,,,,,,,,,,,,
8884 - Undiagnosed condition - cranial nerve neuralgia,2,1,3,0.5,,,,,,,,,,,,,,,,,,,,
5160 - Disarticulation of leg,0,2,2,4,,,,,,,,,,,,,,,,,,,,
5285 - Residuals of fracture of vertebra,0,2,2,4,,,,,,,,,,,,,,,,,,,,
5289 - Ankylosis of lumbar spine,0,2,2,4,,,,,,,,,,,,,,,,,,,,
"6300 - Cholera, Asiatic",0,2,2,4,,,,,,,,,,,,,,,,,,,,
6333 - Nontyphoid Salmonella infections,0,2,2,4,,,,,,,,,,,,,,,,,,,,
6730 - Chronic active pulmonary tuberculosis,0,2,2,4,,,,,,,,,,,,,,,,,,,,
6836 - Blastomycosis (infection by yeastlike organism),0,2,2,4,,,,,,,,,,,,,,,,,,,,
6839 - Mucormycosis,0,2,2,4,,,,,,,,,,,,,,,,,,,,
7124 - Primary Raynaud's,0,2,2,4,,,,,,,,,,,,,,,,,,,,
7539 - Renal amyloid disease,0,2,2,4,,,,,,,,,,,,,,,,,,,,
7724 - Solitary Plasmacytoma,0,2,2,4,,,,,,,,,,,,,,,,,,,,
7908 - Acromegaly,0,2,2,4,,,,,,,,,,,,,,,,,,,,
8614 - Inflammation of the radial nerve,0,2,2,4,,,,,,,,,,,,,,,,,,,,
9300 - Delirium,0,2,2,4,,,,,,,,,,,,,,,,,,,,
9901 - Complete loss of lower jaw,0,2,2,4,,,,,,,,,,,,,,,,,,,,
5208 - Forearm flexion limited to 100; extension to 45,1,1,2,1,,,,,,,,,,,,,,,,,,,,
5218 - Unfavorable ankylosis of three fingers,1,1,2,1,,,,,,,,,,,,,,,,,,,,
5292 - Limitation of motion of lumbar spine,1,1,2,1,,,,,,,,,,,,,,,,,,,,
6306 - Bartonellosis,1,1,2,1,,,,,,,,,,,,,,,,,,,,
6314 - Beriberi,1,1,2,1,,,,,,,,,,,,,,,,,,,,
6351 - HIV-Related Illness,1,1,2,1,,,,,,,,,,,,,,,,,,,,
"6515 - Laryngitis, tuberculous (active or inactive)",1,1,2,1,,,,,,,,,,,,,,,,,,,,
6823 - Nocardiosis (lung infection),1,1,2,1,,,,,,,,,,,,,,,,,,,,
7620 - Complete atrophy of both ovaries,1,1,2,1,,,,,,,,,,,,,,,,,,,,
7714 - Sickle cell anemia,1,1,2,1,,,,,,,,,,,,,,,,,,,,
8619 - Inflammation of the long thoracic nerve,1,1,2,1,,,,,,,,,,,,,,,,,,,,
8719 - Neuralgia of the long thoracic nerve,1,1,2,1,,,,,,,,,,,,,,,,,,,,
8722 - Neuralgia of the superficial peroneal nerve,1,1,2,1,,,,,,,,,,,,,,,,,,,,
8883 - Undiagnosed condition - cranial nerve neuritis,1,1,2,1,,,,,,,,,,,,,,,,,,,,
5161 - Amputation of upper third of the leg,2,0,2,0,,,,,,,,,,,,,,,,,,,,
5226 - Ankylosis of the middle finger,2,0,2,0,,,,,,,,,,,,,,,,,,,,
7331 - Tuberculous peritonitis,2,0,2,0,,,,,,,,,,,,,,,,,,,,
"5052 - Elbow replacement, prosthesis",0,1,1,2,,,,,,,,,,,,,,,,,,,,
5105 - Loss of use of both feet and one hand,0,1,1,2,,,,,,,,,,,,,,,,,,,,
5108 - Anatomical loss of one hand and one foot,0,1,1,2,,,,,,,,,,,,,,,,,,,,
5142 - Amputation thumb and index fingers,0,1,1,2,,,,,,,,,,,,,,,,,,,,
6021 - Inversion of eyelid (eyelid turns inward),0,1,1,2,,,,,,,,,,,,,,,,,,,,
"6028 - Cataract. senile, and others",0,1,1,2,,,,,,,,,,,,,,,,,,,,
6063 - Loss of 1 eye; vision 5/200 in other,0,1,1,2,,,,,,,,,,,,,,,,,,,,
6315 - Pellagra,0,1,1,2,,,,,,,,,,,,,,,,,,,,
6316 - Brucellosis,0,1,1,2,,,,,,,,,,,,,,,,,,,,
6335 - West Nile virus infection,0,1,1,2,,,,,,,,,,,,,,,,,,,,
6721 - Inactive pulmonary tuberculosis; far advanced,0,1,1,2,,,,,,,,,,,,,,,,,,,,
6811 - 6811-Pleurisy,0,1,1,2,,,,,,,,,,,,,,,,,,,,
7521 - Removal of glans of penis,0,1,1,2,,,,,,,,,,,,,,,,,,,,
7538 - Papillary necrosis,0,1,1,2,,,,,,,,,,,,,,,,,,,,
7544 - Renal disease caused by viral infection,0,1,1,2,,,,,,,,,,,,,,,,,,,,
"7545 - Bladder, diverticulum of",0,1,1,2,,,,,,,,,,,,,,,,,,,,
7700 - Anemia,0,1,1,2,,,,,,,,,,,,,,,,,,,,
7814 - Tinea barbae (infection of skin in facial area),0,1,1,2,,,,,,,,,,,,,,,,,,,,
8311 - Inflammation of the 11th cranial nerve,0,1,1,2,,,,,,,,,,,,,,,,,,,,
8409 - Neuralgia of the 9th cranial nerve,0,1,1,2,,,,,,,,,,,,,,,,,,,,
8625 - Inflammation of the posterior tibial nerve,0,1,1,2,,,,,,,,,,,,,,,,,,,,
8629 - Inflammation of external cutaneous nerve - thigh,0,1,1,2,,,,,,,,,,,,,,,,,,,,
8729 - Neuralgia of the external cutaneous nerve - thigh,0,1,1,2,,,,,,,,,,,,,,,,,,,,
9208 - Delusional disorder,0,1,1,2,,,,,,,,,,,,,,,,,,,,
9911 - Loss of hard palate (more than half),0,1,1,2,,,,,,,,,,,,,,,,,,,,
"9914 - Maxilla, loss of more than half",0,1,1,2,,,,,,,,,,,,,,,,,,,,
"5132 - Amputation thumb, index, and middle fingers",1,0,1,0,,,,,,,,,,,,,,,,,,,,
5152 - Amputation of thumb,1,0,1,0,,,,,,,,,,,,,,,,,,,,
5170 - Amputation of all toes,1,0,1,0,,,,,,,,,,,,,,,,,,,,
6810 - 6810-Pleurisy,1,0,1,0,,,,,,,,,,,,,,,,,,,,
7505 - Tuberculosis of kidney,1,0,1,0,,,,,,,,,,,,,,,,,,,,
8892 - Undiagnosed condition - psychotic disorders,1,0,1,0,,,,,,,,,,,,,,,,,,,,
"9203 - Schizophrenia, paranoid type",1,0,1,0,,,,,,,,,,,,,,,,,,,,
"9204 - Schizophrenia, undifferentiated type",1,0,1,0,,,,,,,,,,,,,,,,,,,,
"9205 - Schizophrenia, unspecified",1,0,1,0,,,,,,,,,,,,,,,,,,,,
